NAME,DATEPUBLIC,MARKETVAL,TRADEVOLUME,BETAESTIMATE,UPDOWN10DB4EARN,VARIANCE,10DAYSAFTER,GAIN_YN10,20DAYSOUT,GAINY/N20,30DAYSOUT,GAINY/N30,DRIFTSCORE,EarningsPerShare,REVQ1,REVQ2,REVGROWTH 
Royal Caribbean Cruises Ltd., 4/28/1993,"6,757.0",0,2,-13.77%,-0.26%,-5.92%,0,-28.51%,0,-59.26%,0,0,,,,
Marathon Petroleum Corporation, 6/23/2011,"16,198.0",0,2,-11.22%,82.86%,9.96%,1,-18.67%,0,-52.24%,0,1,,,,
"Helmerich & Payne, Inc.",11/05/1984,"1,906.5",0,2,-9.71%,59.68%,9.10%,1,-23.19%,0,-49.86%,0,1,,,,
Boeing Company,11/05/1984,"95,848.5",1,0,-4.14%,-276.71%,7.90%,1,-17.18%,0,-46.19%,0,1,,,,
"American Airlines Group, Inc.",12/09/2013,"6,096.9",1,2,0.37%,0.78%,-1.74%,0,-1.70%,0,-42.60%,0,0,,,,
Alliance Data Systems Corporation, 6/08/2001,"2,358.0",1,2,-2.19%,-0.90%,-3.44%,0,-17.02%,0,-42.35%,0,0,,,,
Capri Holdings Limited,12/15/2011,"2,080.7",1,2,-16.12%,4.48%,-13.36%,0,-19.06%,0,-40.37%,0,0,,,,
Hess Corporation,11/05/1984,"10,658.1",1,2,-10.36%,17.74%,1.64%,1,-6.38%,0,-40.31%,0,1,,,,
"Dow, Inc.", 3/20/2019,"19,079.5",0,2,-9.91%,6.90%,-0.58%,0,-19.91%,0,-40.15%,0,0,,,,
SVB Financial Group,10/23/1987,"8,075.9",1,2,2.49%,11.14%,1.78%,1,-5.40%,0,-39.10%,0,1,,,,
Textron Inc.,11/05/1984,"6,629.0",0,2,1.47%,3.83%,4.42%,1,-16.88%,0,-38.70%,0,1,,,,
LyondellBasell Industries NV, 4/28/2010,"15,623.7",0,2,-8.49%,-18.74%,6.09%,1,-9.78%,0,-37.14%,0,1,,,,
ConocoPhillips,11/05/1984,"33,925.9",1,1,-9.05%,-5.23%,4.90%,1,-16.59%,0,-36.52%,0,1,,,,
"United Airlines Holdings, Inc.", 1/26/2006,"10,324.7",1,2,-2.18%,0.81%,-1.79%,0,-2.37%,0,-35.44%,0,0,,,,
Invesco Ltd., 9/08/1993,"4,896.8",0,2,-0.50%,-8.54%,5.39%,1,-21.42%,0,-35.27%,0,1,,,,
"Principal Financial Group, Inc.",10/23/2001,"9,765.2",1,2,-3.93%,1.51%,3.74%,1,-17.17%,0,-33.82%,0,1,,,,
"Alaska Air Group, Inc.",11/05/1984,"4,664.5",0,2,-0.50%,3.34%,-2.02%,0,-19.19%,0,-33.76%,0,0,,,,
"United Rentals, Inc.",12/18/1997,"6,741.8",1,2,-1.35%,8.35%,13.07%,1,-17.24%,0,-31.30%,0,1,,,,
Sysco Corporation,11/05/1984,"23,935.5",1,1,-0.63%,1.83%,0.20%,1,-10.84%,0,-31.28%,0,1,,,,
Halliburton Company,11/05/1984,"6,291.4",1,2,-3.23%,8.42%,-8.83%,0,2.81%,1,-30.92%,0,1,,,,
General Electric Company,11/05/1984,"68,610.8",1,0,-3.22%,21.72%,1.70%,1,-21.05%,0,-30.41%,0,1,,,,
Western Digital Corporation,11/05/1984,"12,501.3",1,2,0.43%,7.38%,5.73%,1,-13.30%,0,-30.35%,0,1,,,,
Exxon Mobil Corporation,11/05/1984,"161,331.1",1,0,-6.22%,-4.25%,-2.37%,0,-11.16%,0,-29.25%,0,0,,,,
"Zimmer Biomet Holdings, Inc.", 7/25/2001,"20,186.3",1,1,-0.58%,1.45%,2.07%,1,-13.72%,0,-29.17%,0,1,,,,
TransDigm Group Incorporated, 3/15/2006,"22,265.5",0,1,2.45%,7.38%,0.00%,0,-9.95%,0,-28.18%,0,0,,,,
Unum Group,11/06/1986,"3,148.1",1,2,-4.09%,1.80%,-0.30%,0,-28.52%,0,-27.96%,0,0,,,,
Phillips 66, 4/12/2012,"23,888.3",1,1,-8.08%,-1.20%,-2.08%,0,-16.05%,0,-27.63%,0,0,,,,
Norfolk Southern Corporation,11/05/1984,"37,867.0",1,1,2.24%,11.85%,-1.82%,0,-12.63%,0,-27.56%,0,0,,,,
"Harley-Davidson, Inc.", 7/08/1986,"3,624.6",1,2,0.00%,-15.26%,1.15%,1,-7.08%,0,-27.36%,0,1,,,,
"Simon Property Group, Inc.",12/14/1993,"31,743.5",0,1,-10.13%,0.21%,-0.20%,0,-9.87%,0,-27.31%,0,0,,,,
Trane Technologies plc,11/05/1984,"24,660.2",1,1,-0.43%,-1.64%,8.41%,1,-8.98%,0,-27.30%,0,1,,,,
"Prudential Financial, Inc.",12/13/2001,"21,009.2",1,1,-2.05%,15.90%,-1.94%,0,-22.95%,0,-26.76%,0,0,,,,
Truist Financial Corporation,11/05/1984,"45,425.9",1,1,-4.44%,-16.71%,5.16%,1,-15.83%,0,-26.68%,0,1,,,,
E*TRADE Financial Corporation, 8/16/1996,"7,986.4",0,2,-0.65%,-16.98%,-4.43%,0,15.52%,1,-26.66%,0,1,,,,
W. R. Berkley Corporation,11/05/1984,"10,304.7",1,2,6.25%,3.46%,8.10%,1,-11.00%,0,-26.49%,0,1,,,,
Eastman Chemical Company,12/14/1993,"6,297.8",1,2,-8.73%,6.73%,4.85%,1,-15.79%,0,-26.41%,0,1,,,,
"Raymond James Financial, Inc.",11/05/1984,"10,074.4",1,2,8.76%,-1.95%,-1.41%,0,5.62%,1,-26.24%,0,1,,,,
M&T Bank Corporation,11/05/1984,"14,654.4",0,2,-2.42%,3.69%,0.45%,1,-1.50%,0,-25.77%,0,1,,,,
"Tapestry, Inc.",10/05/2000,"4,480.0",1,2,2.68%,11.02%,-3.48%,0,-22.47%,0,-25.21%,0,0,,,,
Discover Financial Services, 6/14/2007,"15,959.6",1,2,4.22%,0.49%,-1.31%,0,-2.84%,0,-25.14%,0,0,,,,
Valero Energy Corporation,11/05/1984,"20,425.9",0,1,-9.37%,31.59%,-5.09%,0,-20.85%,0,-24.68%,0,0,,,,
Emerson Electric Co.,11/05/1984,"30,794.0",1,1,-6.66%,-0.33%,-1.88%,0,-7.22%,0,-24.51%,0,0,,,,
KeyCorp,11/05/1984,"12,346.7",1,2,0.82%,-0.80%,-1.11%,0,0.31%,1,-24.40%,0,1,,,,
Ralph Lauren Corporation Class A, 6/12/1997,"6,171.7",1,2,-7.24%,16.61%,-3.14%,0,-7.73%,0,-24.31%,0,0,,,,
Lincoln National Corporation,11/05/1984,"5,638.4",1,2,-1.24%,-0.16%,0.67%,1,-36.22%,0,-24.29%,0,1,,,,
Parker-Hannifin Corporation,11/05/1984,"18,011.9",0,2,-3.74%,11.70%,3.84%,1,-13.27%,0,-24.06%,0,1,,,,
Kimco Realty Corporation,11/22/1991,"5,708.7",1,2,0.10%,32.53%,-2.17%,0,-8.35%,0,-23.80%,0,0,,,,
T. Rowe Price Group, 4/02/1986,"25,334.3",1,1,0.21%,10.25%,1.73%,1,-13.46%,0,-23.46%,0,1,,,,
"Arconic, Inc.",10/18/2016,"8,945.1",1,2,-2.22%,-1.85%,3.20%,1,0.19%,1,-23.37%,0,2,,,,
American Express Company,11/05/1984,"80,480.9",1,0,4.64%,1.07%,-2.44%,0,-2.75%,0,-23.32%,0,0,,,,
"Stanley Black & Decker, Inc.",11/05/1984,"16,802.6",0,2,0.64%,-0.06%,3.45%,1,-19.15%,0,-23.06%,0,1,,,,
Synchrony Financial, 7/31/2014,"14,803.2",0,2,2.12%,12.16%,1.72%,1,-2.83%,0,-22.42%,0,1,,,,
United Technologies Corporation,11/05/1984,"91,203.6",1,0,-0.55%,5.31%,1.56%,1,-10.87%,0,-22.31%,0,1,,,,
WestRock Company, 3/03/1994,"6,686.3",1,2,-4.58%,-1.61%,1.82%,1,-18.40%,0,-22.20%,0,1,,,,
"Zions Bancorporation, N.A.",11/05/1984,"4,851.9",1,2,-2.29%,-6.90%,0.36%,1,-3.67%,0,-21.95%,0,1,,,,
Caterpillar Inc.,11/05/1984,"54,810.3",1,0,-7.01%,10.34%,5.06%,1,-7.53%,0,-21.91%,0,1,,,,
"NVR, Inc.", 6/17/1986,"10,747.2",1,2,5.79%,9.75%,2.01%,1,-5.80%,0,-21.32%,0,1,,,,
"Fortune Brands Home & Security, Inc.", 9/16/2011,"6,802.6",1,2,-1.12%,2.99%,2.30%,1,-14.99%,0,-21.30%,0,1,,,,
Northern Trust Corporation,11/05/1984,"15,913.3",0,2,3.16%,-1.98%,-1.50%,0,-0.70%,0,-21.24%,0,0,,,,
"Hartford Financial Services Group, Inc.",12/18/1995,"15,232.9",0,2,-1.76%,8.68%,0.64%,1,-7.21%,0,-21.11%,0,1,,,,
Microchip Technology Incorporated, 3/19/1993,"16,760.5",1,2,-6.89%,4.50%,-0.35%,0,-17.99%,0,-21.10%,0,0,,,,
"Freeport-McMoRan, Inc.", 7/10/1995,"10,925.4",1,2,-5.59%,-27980.98%,2.92%,1,-3.08%,0,-21.02%,0,1,,,,
Stryker Corporation,11/05/1984,"61,542.7",1,0,3.53%,1.40%,2.56%,1,-9.83%,0,-20.84%,0,1,,,,
Starbucks Corporation, 6/26/1992,"82,065.1",1,0,-2.72%,4.14%,2.13%,1,-11.61%,0,-20.68%,0,1,,,,
Fifth Third Bancorp,11/05/1984,"12,537.3",1,2,-3.88%,33.67%,2.86%,1,-1.16%,0,-20.62%,0,1,,,,
"Skyworks Solutions, Inc.",11/05/1984,"14,122.9",0,2,7.24%,1.38%,-6.84%,0,-2.41%,0,-20.57%,0,0,,,,
Raytheon Company,11/05/1984,"41,724.4",1,1,-0.04%,1.23%,0.29%,1,-16.85%,0,-20.53%,0,1,,,,
General Dynamics Corporation,11/05/1984,"40,443.5",1,1,1.38%,1.96%,2.88%,1,-11.98%,0,-20.41%,0,1,,,,
Schlumberger NV,11/05/1984,"22,432.7",0,1,-3.46%,6.74%,-12.80%,0,0.57%,1,-20.33%,0,1,,,,
Globe Life Inc.,11/05/1984,"7,697.2",0,2,3.16%,-1.06%,2.55%,1,-19.35%,0,-20.16%,0,1,,,,
Weyerhaeuser Company,11/05/1984,"16,341.8",0,2,-2.78%,-45.79%,5.91%,1,-10.50%,0,-20.12%,0,1,,,,
Huntington Bancshares Incorporated,11/05/1984,"9,718.3",0,2,2.22%,-9.08%,-2.07%,0,-0.43%,0,-20.06%,0,0,,,,
"Maxim Integrated Products, Inc.", 2/29/1988,"13,081.8",1,2,0.41%,5.08%,4.79%,1,-13.20%,0,-20.00%,0,1,,,,
Comerica Incorporated,11/05/1984,"5,465.8",0,2,-2.75%,6.40%,-5.14%,0,0.11%,1,-19.98%,0,1,,,,
"Leggett & Platt, Incorporated",11/05/1984,"4,286.5",0,2,-8.28%,2.26%,-5.37%,0,-9.94%,0,-19.92%,0,0,,,,
"Ameriprise Financial, Inc.", 9/15/2005,"13,968.5",1,2,-1.41%,-1.75%,4.63%,1,-20.80%,0,-19.79%,0,1,,,,
Aon plc,11/05/1984,"41,046.3",1,1,5.07%,2.49%,7.03%,1,-6.22%,0,-19.73%,0,1,,,,
"Rockwell Automation, Inc.",11/05/1984,"19,307.5",1,2,-4.80%,0.52%,4.93%,1,-9.55%,0,-19.66%,0,1,,,,
Whirlpool Corporation,11/05/1984,"7,234.9",0,2,-0.97%,14.94%,-2.99%,0,-9.65%,0,-19.53%,0,0,,,,
Southwest Airlines Co.,11/05/1984,"21,354.0",1,1,-1.49%,-10.33%,4.19%,1,-2.06%,0,-19.10%,0,1,,,,
"Delta Air Lines, Inc.", 4/26/2007,"24,554.0",1,1,0.69%,21.20%,-7.81%,0,4.98%,1,-18.97%,0,1,,,,
Nucor Corporation,11/05/1984,"10,787.8",1,2,-6.80%,55.75%,-2.28%,0,-9.66%,0,-18.87%,0,0,,,,
"Tyson Foods, Inc. Class A",11/05/1984,"18,800.5",1,2,-3.99%,2.13%,-2.43%,0,-16.93%,0,-18.78%,0,0,,,,
Citigroup Inc.,10/29/1986,"107,092.5",1,0,1.23%,18.64%,-6.63%,0,3.73%,1,-18.76%,0,1,,,,
TE Connectivity Ltd., 6/14/2007,"23,460.1",1,1,0.18%,6.28%,-3.21%,0,-12.36%,0,-18.74%,0,0,,,,
"PNC Financial Services Group, Inc.",11/05/1984,"45,865.2",1,1,-0.09%,1.22%,-2.02%,0,2.89%,1,-18.62%,0,1,,,,
"BlackRock, Inc.",10/01/1999,"64,064.7",1,0,3.49%,7.52%,1.78%,1,5.35%,1,-18.56%,0,2,,,,
"MetLife, Inc.", 4/05/2000,"29,242.4",0,1,-0.71%,44.05%,-1.23%,0,-23.52%,0,-18.50%,0,0,,,,
Bank of America Corp,11/05/1984,"210,881.3",1,0,0.48%,8.26%,-3.43%,0,4.27%,1,-18.36%,0,1,,,,
"Citizens Financial Group, Inc.", 9/24/2014,"10,113.1",1,2,-2.85%,3.15%,-7.81%,0,0.74%,1,-17.94%,0,1,,,,
Baker Hughes Company Class A, 4/03/1987,"13,123.8",1,2,-10.93%,-14.31%,-3.66%,0,-5.45%,0,-17.91%,0,0,,,,
General Motors Company,11/18/2010,"35,310.6",1,1,-1.77%,313.18%,0.74%,1,-14.71%,0,-17.91%,0,1,,,,
Capital One Financial Corporation,11/16/1994,"33,318.5",1,1,1.10%,5.21%,-1.89%,0,-1.15%,0,-17.83%,0,0,,,,
Intel Corporation,11/05/1984,"232,797.1",0,0,7.38%,21.40%,-3.58%,0,-6.45%,0,-17.67%,0,0,,,,
"Nasdaq, Inc.", 7/01/2002,"15,849.4",0,2,3.78%,1.84%,-1.11%,0,-5.80%,0,-17.52%,0,0,,,,
"Automatic Data Processing, Inc.",11/05/1984,"62,388.5",1,0,3.45%,5.17%,4.09%,1,-11.51%,0,-17.30%,0,1,,,,
Celanese Corporation, 1/21/2005,"9,375.2",1,2,-12.39%,-4.13%,2.85%,1,-12.16%,0,-17.16%,0,1,,,,
DTE Energy Company,11/05/1984,"18,572.6",0,2,-0.62%,3.93%,-0.37%,0,-13.21%,0,-17.05%,0,0,,,,
"Franklin Resources, Inc.",11/05/1984,"8,998.8",0,2,-1.62%,5.12%,-7.63%,0,-10.12%,0,-16.77%,0,0,,,,
Morgan Stanley, 2/23/1993,"57,464.9",0,0,3.56%,17.74%,-7.41%,0,6.85%,1,-16.76%,0,1,,,,
"Qorvo, Inc.", 6/03/1997,"9,694.4",0,2,-2.88%,10.99%,-2.34%,0,-7.87%,0,-16.68%,0,0,,,,
Aflac Incorporated,11/05/1984,"25,064.3",1,1,-1.27%,-0.75%,-3.36%,0,-19.25%,0,-16.57%,0,0,,,,
Ford Motor Company,11/05/1984,"22,323.2",1,1,-0.33%,-28.14%,-3.37%,0,-16.06%,0,-16.47%,0,0,,,,
"Air Products and Chemicals, Inc.",11/05/1984,"45,539.1",1,1,4.03%,1.97%,2.45%,1,-1.76%,0,-16.45%,0,1,,,,
"AMETEK, Inc.",11/05/1984,"17,092.7",0,2,-2.12%,5.24%,0.52%,1,-11.42%,0,-16.25%,0,1,,,,
V.F. Corporation,11/05/1984,"23,501.7",1,1,-4.20%,1.59%,-1.56%,0,-0.43%,0,-16.23%,0,0,,,,
L3Harris Technologies Inc,11/05/1984,"38,527.3",1,1,0.69%,#N/A,1.00%,1,-6.35%,0,-16.07%,0,1,,,,
Ball Corporation,11/05/1984,"20,797.4",1,1,6.65%,5.39%,-1.46%,0,-1.05%,0,-16.06%,0,0,,,,
"PulteGroup, Inc.",11/05/1984,"8,242.3",0,2,10.78%,11.78%,0.30%,1,-10.45%,0,-16.00%,0,1,,,,
Las Vegas Sands Corp.,12/15/2004,"37,428.2",0,1,-11.80%,12.38%,4.70%,1,-15.87%,0,-15.95%,0,1,,,,
Chubb Limited, 3/25/1993,"55,227.2",0,0,1.02%,7.72%,-1.32%,0,-11.19%,0,-15.89%,0,0,,,,
U.S. Bancorp,11/05/1984,"56,438.8",1,0,-4.36%,-16.94%,-1.31%,0,1.71%,1,-15.84%,0,1,,,,
"Goldman Sachs Group, Inc.", 5/04/1999,"61,242.9",0,0,6.90%,-13.02%,-0.44%,0,-2.37%,0,-15.77%,0,0,,,,
"Gartner, Inc.",10/05/1993,"9,472.4",1,2,1.66%,44.66%,-0.19%,0,-18.01%,0,-15.64%,0,0,,,,
UnitedHealth Group Incorporated,11/05/1984,"258,049.8",1,0,-1.91%,3.28%,-5.21%,0,7.55%,1,-15.63%,0,1,,,,
"Church & Dwight Co., Inc.",11/05/1984,"15,555.2",0,2,1.31%,0.01%,2.98%,1,-1.92%,0,-15.57%,0,1,,,,
Mastercard Incorporated Class A, 5/25/2006,"271,389.4",1,0,1.61%,4.76%,4.32%,1,-14.47%,0,-15.51%,0,1,,,,
McDonald's Corporation,11/05/1984,"132,041.0",1,0,1.88%,0.29%,1.41%,1,-7.57%,0,-15.36%,0,1,,,,
"Paycom Software, Inc.", 4/15/2014,"13,335.7",1,2,6.34%,11.07%,3.33%,1,-10.88%,0,-15.35%,0,1,,,,
"PerkinElmer, Inc.",11/05/1984,"8,216.5",0,2,-1.66%,1.84%,-1.71%,0,-10.29%,0,-15.30%,0,0,,,,
Humana Inc.,11/05/1984,"41,475.0",1,1,-6.06%,3.83%,1.70%,1,-0.11%,0,-15.30%,0,1,,,,
Cboe Global Markets Inc, 6/15/2010,"10,469.2",1,2,6.95%,8.62%,-0.45%,0,-8.38%,0,-15.18%,0,0,,,,
Aptiv PLC,11/17/2011,"16,964.4",0,2,0.98%,12.77%,3.24%,1,-13.71%,0,-14.90%,0,1,,,,
Corning Inc,11/05/1984,"17,410.7",0,2,-7.89%,4.22%,1.73%,1,-16.68%,0,-14.81%,0,1,,,,
"F5 Networks, Inc.", 6/04/1999,"6,427.0",1,2,-1.81%,5.01%,0.07%,1,0.29%,1,-14.75%,0,2,,,,
Allstate Corporation, 6/03/1993,"29,400.1",0,1,1.83%,-3.31%,-0.97%,0,-12.15%,0,-14.47%,0,0,,,,
"Alexion Pharmaceuticals, Inc.", 2/28/1996,"17,809.5",0,2,-5.19%,3.86%,3.11%,1,-9.08%,0,-14.45%,0,1,,,,
State Street Corporation,11/05/1984,"20,856.6",0,1,0.47%,16.77%,-7.84%,0,1.04%,1,-14.35%,0,1,,,,
Jacobs Engineering Group Inc.,11/05/1984,"11,543.4",1,2,-1.02%,1.29%,6.29%,1,-0.17%,0,-14.34%,0,1,,,,
International Business Machines Corporation,11/05/1984,"95,903.6",1,0,3.78%,0.47%,8.65%,1,-3.27%,0,-14.33%,0,1,,,,
Loews Corporation,11/05/1984,"10,650.4",1,2,3.70%,#N/A,-9.77%,0,-14.26%,0,-14.29%,0,0,,,,
Union Pacific Corporation,11/05/1984,"99,294.1",1,0,1.61%,-1.01%,-0.58%,0,-2.36%,0,-14.10%,0,0,,,,
Kansas City Southern,11/05/1984,"12,269.8",1,2,3.98%,-0.86%,2.96%,1,3.35%,1,-14.07%,0,2,,,,
Hanesbrands Inc., 8/16/2006,"3,508.6",1,2,-0.14%,0.46%,-0.85%,0,-20.03%,0,-14.03%,0,0,,,,
"C.H. Robinson Worldwide, Inc.",10/15/1997,"8,413.3",1,2,-3.21%,-23.66%,-0.12%,0,-4.71%,0,-13.97%,0,0,,,,
Tractor Supply Company, 2/17/1994,"8,938.1",0,2,5.37%,-1.84%,4.72%,1,-9.92%,0,-13.90%,0,1,,,,
"Hologic, Inc.", 3/01/1990,"10,718.3",1,2,2.09%,0.35%,-3.30%,0,-10.14%,0,-13.88%,0,0,,,,
Johnson Controls International plc,11/05/1984,"25,061.2",1,1,-1.03%,5.43%,6.36%,1,-9.27%,0,-13.82%,0,1,,,,
"J.B. Hunt Transport Services, Inc.",11/05/1984,"9,339.1",1,2,1.91%,-10.00%,-3.70%,0,-0.75%,0,-13.75%,0,0,,,,
SL Green Realty Corp., 8/15/1997,"5,205.1",1,2,3.56%,-36.53%,0.19%,1,-0.92%,0,-13.71%,0,1,,,,
Boston Scientific Corporation, 5/19/1992,"45,139.0",0,1,-2.70%,4.67%,-0.28%,0,-11.86%,0,-13.69%,0,0,,,,
Chevron Corporation,11/05/1984,"156,773.3",1,0,-4.07%,-15.20%,2.74%,1,-12.25%,0,-13.63%,0,1,,,,
Regions Financial Corporation,11/05/1984,"9,554.8",0,2,-2.57%,3.91%,-3.23%,0,2.84%,1,-13.61%,0,1,,,,
"DuPont de Nemours, Inc.",11/05/1984,"27,431.3",1,1,-4.12%,-0.48%,1.04%,1,-19.47%,0,-13.52%,0,1,,,,
"Chipotle Mexican Grill, Inc.", 1/26/2006,"17,503.8",0,2,1.62%,3.63%,8.62%,1,-21.57%,0,-13.36%,0,1,,,,
CSX Corporation,11/05/1984,"44,835.5",1,1,4.85%,3.14%,0.92%,1,3.13%,1,-13.33%,0,2,,,,
"Xilinx, Inc.", 6/12/1990,"19,046.0",1,2,-0.34%,9.43%,3.53%,1,-12.81%,0,-13.22%,0,1,,,,
Pentair plc,11/05/1984,"6,026.6",1,2,-0.84%,4.57%,-0.02%,0,-5.47%,0,-13.02%,0,0,,,,
Arthur J. Gallagher & Co.,11/05/1984,"16,953.5",0,2,4.58%,10.12%,6.42%,1,-5.18%,0,-12.99%,0,1,,,,
McKesson Corporation,11/05/1984,"23,475.6",1,1,-7.95%,8.93%,12.57%,1,-9.37%,0,-12.93%,0,1,,,,
Edwards Lifesciences Corporation, 3/27/2000,"38,792.3",1,1,-1.19%,-1.73%,4.86%,1,-7.65%,0,-12.88%,0,1,,,,
Eaton Corp. Plc,11/05/1984,"35,370.5",1,1,-0.20%,3.92%,3.37%,1,-5.93%,0,-12.80%,0,1,,,,
Coty Inc. Class A, 6/13/2013,"5,909.5",0,2,-2.03%,12.37%,-6.24%,0,-21.98%,0,-12.79%,0,0,,,,
"Boston Properties, Inc.", 6/18/1997,"18,158.6",1,2,3.22%,2.37%,1.46%,1,-11.56%,0,-12.76%,0,1,,,,
Kinder Morgan Inc Class P, 2/11/2011,"33,477.6",1,1,-1.73%,-1.80%,-1.98%,0,3.80%,1,-12.69%,0,1,,,,
"Hasbro, Inc.",11/05/1984,"7,531.0",1,2,-2.64%,33.87%,-17.58%,0,-23.66%,0,-12.64%,0,0,,,,
Cummins Inc.,11/05/1984,"20,563.0",1,1,-6.28%,5.85%,4.25%,1,-6.79%,0,-12.53%,0,1,,,,
"Twitter, Inc.",11/07/2013,"22,941.0",1,1,-1.85%,-13.76%,-0.26%,0,-12.66%,0,-12.46%,0,0,,,,
"PPG Industries, Inc.",11/05/1984,"22,220.4",1,1,-2.06%,-2.12%,-5.94%,0,0.26%,1,-12.35%,0,1,,,,
AT&T Inc.,11/05/1984,"247,249.3",1,0,1.26%,2.36%,2.67%,1,-6.07%,0,-12.31%,0,1,,,,
HCA Healthcare Inc, 3/10/2011,"35,295.6",1,1,-4.41%,-0.07%,2.79%,1,-14.17%,0,-12.29%,0,1,,,,
"Yum! Brands, Inc.", 9/17/1997,"23,602.5",1,1,0.27%,-11.25%,-0.22%,0,-13.63%,0,-12.24%,0,0,,,,
"D.R. Horton, Inc.", 6/05/1992,"14,398.1",1,2,9.84%,26.60%,3.10%,1,-5.58%,0,-12.22%,0,1,,,,
"Illumina, Inc.", 7/28/2000,"34,299.5",0,1,-1.20%,7.50%,-1.56%,0,-8.82%,0,-12.17%,0,0,,,,
Alphabet Inc. Class A, 8/19/2004,"836,412.7",1,0,0.21%,22.93%,5.50%,1,-9.40%,0,-12.11%,0,1,,,,
JPMorgan Chase & Co.,11/05/1984,"319,416.9",0,0,-1.39%,9.26%,-3.29%,0,2.81%,1,-12.05%,0,1,,,,
"Intuitive Surgical, Inc.", 6/13/2000,"54,626.1",1,0,5.71%,3.03%,-1.66%,0,0.13%,1,-11.98%,0,1,,,,
Texas Instruments Incorporated,11/05/1984,"99,008.0",1,0,3.04%,9.08%,-1.29%,0,-3.02%,0,-11.95%,0,0,,,,
Comcast Corporation Class A,11/05/1984,"179,070.8",0,0,5.59%,3.09%,-2.30%,0,2.74%,1,-11.89%,0,1,,,,
"ServiceNow, Inc.", 6/29/2012,"54,599.8",1,0,3.79%,10.33%,2.98%,1,-7.31%,0,-11.78%,0,1,,,,
Dover Corporation,11/05/1984,"13,097.8",1,2,-0.63%,5.96%,0.54%,1,-14.07%,0,-11.67%,0,1,,,,
"Intercontinental Exchange, Inc.",11/16/2005,"46,002.8",1,1,-3.68%,0.10%,5.15%,1,-0.75%,0,-11.61%,0,1,,,,
IDEX Corporation, 6/02/1989,"9,971.4",1,2,-0.19%,-1.55%,5.29%,1,-15.28%,0,-11.59%,0,1,,,,
"Facebook, Inc. Class A", 5/18/2012,"485,374.8",1,0,1.90%,1.35%,1.72%,1,-9.70%,0,-11.53%,0,1,,,,
Carnival Corporation, 7/24/1987,"9,262.0",1,2,5.54%,23.01%,-3.35%,0,2.78%,1,-11.51%,0,1,,,,
Waters Corporation,11/17/1995,"11,466.9",1,2,-5.66%,6.39%,-1.11%,0,-3.79%,0,-11.49%,0,0,,,,
"Wynn Resorts, Limited",10/25/2002,"7,797.1",1,2,-3.54%,-167.45%,-5.31%,0,-31.82%,0,-11.49%,0,0,,,,
"Advanced Micro Devices, Inc.",11/05/1984,"51,348.1",1,0,3.66%,4.58%,13.43%,1,-18.33%,0,-11.36%,0,1,,,,
First Republic Bank,12/09/2010,"16,582.4",1,2,-1.88%,8.19%,-7.19%,0,5.23%,1,-11.31%,0,1,,,,
ResMed Inc., 6/02/1995,"21,653.5",1,1,4.23%,20.39%,11.09%,1,-4.45%,0,-11.27%,0,1,,,,
Cerner Corporation,12/05/1986,"20,098.2",0,1,-2.10%,1.80%,-2.40%,0,-5.40%,0,-11.22%,0,0,,,,
Xylem Inc.,10/13/2011,"12,997.7",1,2,6.57%,-0.10%,6.50%,1,-8.25%,0,-11.20%,0,1,,,,
Wells Fargo & Company,11/05/1984,"126,645.5",1,0,-3.36%,-46.60%,-4.12%,0,1.10%,1,-11.13%,0,1,,,,
Charles Schwab Corporation, 9/23/1987,"43,564.1",1,1,-0.93%,-3.03%,-7.04%,0,3.69%,1,-11.12%,0,1,,,,
IHS Markit Ltd., 6/19/2014,"22,375.2",1,1,5.67%,6.78%,0.92%,1,0.91%,1,-11.03%,0,2,,,,
Snap-on Incorporated,11/05/1984,"6,902.6",0,2,-2.33%,0.00%,0.01%,1,-11.43%,0,-10.97%,0,1,,,,
Lockheed Martin Corporation,11/05/1984,"92,641.7",1,0,4.48%,5.20%,0.61%,1,-8.86%,0,-10.97%,0,1,,,,
"Roper Technologies, Inc.", 2/13/1992,"33,267.5",0,1,1.57%,1.23%,-0.25%,0,-9.45%,0,-10.86%,0,0,,,,
Lam Research Corporation,11/05/1984,"38,101.7",1,1,-0.84%,4.21%,9.85%,1,-14.10%,0,-10.79%,0,1,,,,
Equity Residential, 8/12/1993,"27,381.3",1,1,0.53%,100.00%,3.06%,1,-7.47%,0,-10.77%,0,1,,,,
Bank of New York Mellon Corporation,11/05/1984,"30,206.8",0,1,0.72%,8.83%,-4.15%,0,2.50%,1,-10.76%,0,1,,,,
"Old Dominion Freight Line, Inc.",10/24/1991,"14,180.5",1,2,2.05%,0.78%,2.16%,1,-10.83%,0,-10.34%,0,1,,,,
"Align Technology, Inc.", 1/26/2001,"15,426.1",0,2,-9.04%,24.41%,3.83%,1,-20.01%,0,-10.29%,0,1,,,,
Estee Lauder Companies Inc. Class A,11/17/1995,"61,920.0",1,0,-5.32%,10.80%,-1.07%,0,-8.28%,0,-10.28%,0,0,,,,
Fastenal Company, 8/20/1987,"19,581.2",0,1,0.21%,-1.23%,-2.57%,0,6.79%,1,-10.19%,0,1,,,,
FedEx Corporation,11/05/1984,"27,843.1",1,1,8.00%,-8.48%,4.30%,1,4.44%,1,-10.09%,0,2,,,,
Walt Disney Company,11/05/1984,"185,093.6",0,0,0.81%,4.71%,-0.71%,0,-18.80%,0,-10.05%,0,0,,,,
PACCAR Inc,11/05/1984,"22,560.5",1,1,-3.40%,1.31%,-1.45%,0,-8.25%,0,-9.98%,0,0,,,,
Amphenol Corporation Class A,11/08/1991,"23,728.8",0,1,0.68%,7.78%,-1.88%,0,-0.88%,0,-9.92%,0,0,,,,
Willis Towers Watson Public Limited Company, 6/12/2001,"23,174.9",1,1,8.00%,0.86%,-0.22%,0,-4.19%,0,-9.85%,0,0,,,,
Illinois Tool Works Inc.,11/05/1984,"49,886.3",1,1,-0.29%,1.42%,7.36%,1,-7.76%,0,-9.71%,0,1,,,,
Cognizant Technology Solutions Corporation Class A, 6/19/1998,"28,869.3",1,1,4.47%,2.83%,-1.86%,0,-16.91%,0,-9.65%,0,0,,,,
"Alexandria Real Estate Equities, Inc.", 5/28/1997,"18,127.7",0,2,1.17%,217.03%,0.83%,1,-3.40%,0,-9.61%,0,1,,,,
"People's United Financial, Inc.", 7/06/1988,"5,577.9",0,2,-0.84%,12.91%,-2.93%,0,2.89%,1,-9.54%,0,1,,,,
International Paper Company,11/05/1984,"13,112.7",1,2,-2.36%,7.37%,2.99%,1,-14.94%,0,-9.52%,0,1,,,,
Avery Dennison Corporation,11/05/1984,"8,836.0",1,2,-1.33%,2.14%,2.64%,1,-17.69%,0,-9.44%,0,1,,,,
Atmos Energy Corporation,11/05/1984,"12,308.6",1,2,1.12%,-1.09%,0.80%,1,-6.79%,0,-9.41%,0,1,,,,
Coca-Cola Company,11/05/1984,"208,101.2",1,0,1.80%,0.61%,1.27%,1,-10.27%,0,-9.38%,0,1,,,,
"Juniper Networks, Inc.", 6/25/1999,"6,709.7",0,2,1.28%,0.91%,5.20%,1,-8.54%,0,-9.34%,0,1,,,,
"Prologis, Inc.",11/21/1997,"57,489.0",0,0,7.33%,53.48%,-1.28%,0,6.70%,1,-9.34%,0,1,,,,
Fox Corporation Class A, 2/28/2019,"15,666.9",1,2,-1.05%,-590.30%,-3.02%,0,-19.87%,0,-9.33%,0,0,,,,
Apple Inc.,11/05/1984,"1,216,252.0",1,0,0.23%,9.78%,0.88%,1,-16.41%,0,-9.25%,0,1,,,,
CDW Corp., 6/27/2013,"14,462.8",1,2,-0.40%,6.22%,-0.54%,0,-16.68%,0,-9.21%,0,0,,,,
Electronic Arts Inc., 9/20/1989,"28,115.8",1,1,1.85%,0.68%,1.64%,1,-2.55%,0,-9.20%,0,1,,,,
"ABIOMED, Inc.", 7/29/1987,"6,435.9",1,2,3.42%,39.47%,-14.93%,0,-5.79%,0,-9.08%,0,0,,,,
Honeywell International Inc.,11/05/1984,"105,675.8",1,0,-1.32%,0.85%,4.38%,1,-9.16%,0,-9.03%,0,1,,,,
Abbott Laboratories,11/05/1984,"143,984.3",1,0,3.93%,0.41%,-2.50%,0,-1.23%,0,-8.98%,0,0,,,,
Philip Morris International Inc., 3/17/2008,"123,695.0",1,0,-5.66%,0.90%,4.01%,1,-2.64%,0,-8.90%,0,1,,,,
Bristol-Myers Squibb Company,11/05/1984,"124,140.5",1,0,-2.73%,38.17%,-2.19%,0,-8.11%,0,-8.82%,0,0,,,,
Quest Diagnostics Incorporated,12/17/1996,"12,914.5",1,2,3.92%,4.27%,0.14%,1,-5.44%,0,-8.76%,0,1,,,,
Corteva Inc, 5/24/2019,"18,600.2",1,2,-2.93%,-159.56%,4.65%,1,-11.11%,0,-8.75%,0,1,,,,
"Rollins, Inc.",11/05/1984,"12,396.6",1,2,5.00%,-7.24%,4.92%,1,-5.04%,0,-8.74%,0,1,,,,
Progressive Corporation,11/05/1984,"45,690.8",1,1,2.04%,17.28%,3.01%,1,-8.36%,0,-8.73%,0,1,,,,
Exelon Corporation,11/05/1984,"35,426.3",1,1,2.20%,13.70%,-4.64%,0,-15.39%,0,-8.67%,0,0,,,,
"Amazon.com, Inc.", 5/15/1997,"888,591.6",1,0,0.47%,60.33%,6.28%,1,-8.47%,0,-8.65%,0,1,,,,
"Charter Communications, Inc. Class A",12/02/2009,"95,369.0",1,0,-4.35%,30.56%,3.37%,1,-7.06%,0,-8.64%,0,1,,,,
"National Oilwell Varco, Inc.",10/29/1996,"3,928.9",1,2,-3.65%,65.63%,-10.26%,0,-48.66%,0,-8.62%,0,0,,,,
Visa Inc. Class A, 3/19/2008,"377,739.1",1,0,4.21%,-0.23%,5.69%,1,-8.54%,0,-8.58%,0,1,,,,
"S&P Global, Inc.",11/05/1984,"60,486.8",1,0,-0.89%,4.79%,-0.77%,0,-7.57%,0,-8.47%,0,0,,,,
Cigna Corporation,11/05/1984,"66,919.4",1,0,-2.26%,2.61%,2.52%,1,-9.98%,0,-8.00%,0,1,,,,
Archer-Daniels-Midland Company,11/05/1984,"19,325.2",1,2,-1.84%,12.08%,-1.16%,0,-16.83%,0,-7.99%,0,0,,,,
"Varian Medical Systems, Inc.",11/05/1984,"10,258.0",1,2,-0.78%,-2.90%,2.80%,1,-16.30%,0,-7.99%,0,1,,,,
Cincinnati Financial Corporation,11/05/1984,"14,736.1",1,2,0.81%,10.15%,-1.35%,0,-11.78%,0,-7.77%,0,0,,,,
"Travelers Companies, Inc.",11/05/1984,"27,403.1",1,1,4.57%,0.90%,1.72%,1,-0.98%,0,-7.64%,0,1,,,,
"AvalonBay Communities, Inc.", 3/11/1994,"27,166.4",1,1,0.45%,-0.80%,4.06%,1,-8.32%,0,-7.61%,0,1,,,,
Robert Half International Inc.,11/05/1984,"5,437.1",0,2,-3.79%,0.48%,3.49%,1,-15.17%,0,-7.52%,0,1,,,,
Pfizer Inc.,11/05/1984,"181,463.3",0,0,1.70%,-4.42%,-0.13%,0,-8.85%,0,-7.34%,0,0,,,,
KLA Corporation,11/05/1984,"22,790.0",1,1,-0.01%,3.00%,-2.32%,0,-6.34%,0,-7.22%,0,0,,,,
"Cardinal Health, Inc.",11/05/1984,"13,894.8",1,2,-4.77%,23.56%,2.51%,1,-14.15%,0,-7.12%,0,1,,,,
"Gilead Sciences, Inc.", 1/22/1992,"89,402.3",1,0,7.62%,-22.15%,1.72%,1,13.63%,1,-7.07%,0,2,,,,
Apartment Investment & Management Co Class A, 7/22/1994,"6,858.2",1,2,1.98%,249.51%,3.97%,1,-9.69%,0,-6.95%,0,1,,,,
Packaging Corporation of America, 1/28/2000,"7,984.9",1,2,-1.60%,0.44%,0.36%,1,-9.36%,0,-6.91%,0,1,,,,
Federal Realty Investment Trust,11/05/1984,"8,060.8",0,2,0.58%,125.31%,-0.88%,0,-7.79%,0,-6.73%,0,0,,,,
"Everest Re Group, Ltd.",10/03/1995,"8,696.8",1,2,4.84%,21.18%,-6.31%,0,-16.57%,0,-6.52%,0,0,,,,
"Motorola Solutions, Inc.",11/05/1984,"26,431.2",1,1,1.07%,4.84%,1.30%,1,-8.86%,0,-6.48%,0,1,,,,
STERIS Plc, 6/01/1992,"11,559.2",1,2,2.51%,2.11%,1.95%,1,-12.20%,0,-6.17%,0,1,,,,
"Merck & Co., Inc.",11/05/1984,"194,658.7",0,0,-1.79%,0.98%,-3.89%,0,-1.10%,0,-5.92%,0,0,,,,
"Micron Technology, Inc.",11/05/1984,"47,756.5",0,1,14.56%,2.35%,-1.77%,0,10.09%,1,-5.88%,0,1,,,,
"Regeneron Pharmaceuticals, Inc.", 4/02/1991,"51,219.8",1,0,3.63%,8.22%,3.41%,1,22.64%,1,-5.84%,0,2,,,,
eBay Inc., 9/24/1998,"27,058.8",1,1,4.26%,7.26%,7.43%,1,-5.68%,0,-5.74%,0,1,,,,
"Marsh & McLennan Companies, Inc.",11/05/1984,"49,704.5",1,1,3.97%,0.68%,4.16%,1,-12.41%,0,-5.66%,0,1,,,,
MarketAxess Holdings Inc.,11/05/2004,"13,009.9",0,2,-2.37%,1.79%,-4.70%,0,-0.64%,0,-5.58%,0,0,,,,
"Fiserv, Inc.", 9/25/1986,"70,232.4",1,0,2.72%,-1.17%,0.14%,1,-10.33%,0,-5.34%,0,1,,,,
"Fortinet, Inc.",11/18/2009,"14,256.6",1,2,1.90%,8.39%,-7.18%,0,-19.83%,0,-5.16%,0,0,,,,
"Under Armour, Inc. Class A",11/18/2005,"4,579.6",1,2,-0.97%,-3.21%,-13.08%,0,-21.08%,0,-5.01%,0,0,,,,
Vertex Pharmaceuticals Incorporated, 7/24/1991,"57,262.2",1,0,-1.64%,40.07%,7.39%,1,-4.73%,0,-4.92%,0,1,,,,
Amgen Inc.,11/05/1984,"119,200.0",1,0,-6.43%,6.78%,3.44%,1,-5.05%,0,-4.76%,0,1,,,,
"NextEra Energy, Inc.",11/05/1984,"108,335.3",1,0,7.83%,-3.87%,2.21%,1,1.63%,1,-4.62%,0,2,,,,
Colgate-Palmolive Company,11/05/1984,"59,082.6",1,0,-1.88%,0.54%,3.94%,1,-5.54%,0,-4.61%,0,1,,,,
Sealed Air Corporation,11/05/1984,"3,944.1",0,2,0.54%,4.74%,-8.84%,0,-18.52%,0,-4.53%,0,0,,,,
Northrop Grumman Corporation,11/05/1984,"52,721.8",1,0,2.13%,17.53%,-4.38%,0,-10.64%,0,-4.36%,0,0,,,,
Johnson & Johnson,11/05/1984,"354,035.7",1,0,3.59%,0.62%,3.87%,1,-3.65%,0,-4.29%,0,1,,,,
"McCormick & Company, Incorporated",11/05/1984,"17,937.7",1,2,5.16%,-0.22%,-1.69%,0,-6.21%,0,-4.25%,0,0,,,,
PVH Corp.,11/05/1984,"3,672.7",1,2,3.99%,3.52%,2.45%,1,2.34%,1,-4.21%,0,2,,,,
"W.W. Grainger, Inc.",11/05/1984,"14,273.6",1,2,-3.76%,-3.13%,-2.30%,0,-9.11%,0,-4.15%,0,0,,,,
MSCI Inc. Class A,11/15/2007,"24,034.6",1,1,5.85%,3.92%,7.05%,1,-5.73%,0,-4.08%,0,1,,,,
"Martin Marietta Materials, Inc.", 2/17/1994,"12,331.0",0,2,6.65%,-4.52%,-10.68%,0,-12.01%,0,-4.00%,0,0,,,,
Procter & Gamble Company,11/05/1984,"281,690.5",1,0,3.54%,3.51%,1.72%,1,-0.35%,0,-3.98%,0,1,,,,
FirstEnergy Corp.,11/05/1984,"22,299.0",1,1,1.79%,10.81%,-1.17%,0,-15.21%,0,-3.94%,0,0,,,,
Fortive Corp., 6/13/2016,"20,094.1",1,1,0.31%,6.18%,-8.19%,0,-14.39%,0,-3.83%,0,0,,,,
Walgreens Boots Alliance Inc,11/05/1984,"40,918.0",1,1,1.54%,-3.00%,-4.53%,0,0.36%,1,-3.81%,0,1,,,,
"NIKE, Inc. Class B",11/05/1984,"117,705.0",1,0,5.60%,20.74%,1.82%,1,2.66%,1,-3.78%,0,2,,,,
"O'Reilly Automotive, Inc.", 4/23/1993,"26,536.0",1,1,-3.79%,-0.47%,-1.67%,0,-5.98%,0,-3.74%,0,0,,,,
"Mondelez International, Inc. Class A", 6/13/2001,"72,965.5",1,0,0.68%,1.32%,0.39%,1,-10.55%,0,-3.56%,0,1,,,,
"Netflix, Inc.", 5/23/2002,"147,568.6",1,0,0.68%,149.91%,13.40%,1,4.42%,1,-3.42%,0,2,,,,
Sherwin-Williams Company,11/05/1984,"45,840.5",1,1,2.75%,-2.66%,1.91%,1,-10.87%,0,-3.37%,0,1,,,,
DXC Technology Co.,11/05/1984,"3,841.3",1,2,-2.62%,15.09%,-13.91%,0,-44.44%,0,-3.20%,0,0,,,,
Hilton Worldwide Holdings Inc,12/12/2013,"21,815.7",1,1,6.13%,4.42%,-13.32%,0,-17.17%,0,-3.03%,0,0,,,,
"IDEXX Laboratories, Inc.", 6/21/1991,"21,688.3",1,1,-1.65%,15.01%,6.56%,1,-9.28%,0,-2.98%,0,1,,,,
Hershey Company,11/05/1984,"29,331.4",1,1,1.56%,3.01%,0.75%,1,-9.63%,0,-2.88%,0,1,,,,
Allergan plc, 2/18/1993,"60,487.0",1,0,4.71%,14.21%,-2.97%,0,-2.33%,0,-2.83%,0,0,,,,
Clorox Company,11/05/1984,"20,988.0",1,1,-1.18%,11.17%,0.75%,1,4.66%,1,-2.75%,0,2,,,,
FMC Corporation,11/05/1984,"11,369.4",1,2,4.32%,14.54%,-1.24%,0,-15.06%,0,-2.74%,0,0,,,,
"Essex Property Trust, Inc.", 6/07/1994,"18,245.6",1,2,0.56%,38.13%,3.01%,1,-11.87%,0,-2.69%,0,1,,,,
Seagate Technology PLC,12/11/2002,"12,768.6",1,2,-3.41%,2.83%,0.04%,1,-8.18%,0,-2.67%,0,1,,,,
"Conagra Brands, Inc.",11/05/1984,"12,068.1",1,2,-1.16%,10.84%,-0.42%,0,-2.27%,0,-2.56%,0,0,,,,
"Mid-America Apartment Communities, Inc.", 1/28/1994,"14,398.2",1,2,3.63%,78.90%,4.84%,1,-10.32%,0,-2.52%,0,1,,,,
"Jack Henry & Associates, Inc.",11/20/1985,"12,344.3",1,2,2.78%,5.52%,6.39%,1,-5.43%,0,-2.48%,0,1,,,,
"Broadridge Financial Solutions, Inc.", 3/22/2007,"11,902.8",1,2,0.92%,-25.24%,2.63%,1,-13.11%,0,-2.42%,0,1,,,,
Danaher Corporation,11/05/1984,"98,441.0",0,0,2.37%,2.51%,-3.33%,0,-11.53%,0,-2.21%,0,0,,,,
QUALCOMM Incorporated,12/13/1991,"86,654.1",1,0,-2.22%,15.85%,-3.95%,0,-10.98%,0,-2.14%,0,0,,,,
Microsoft Corporation, 3/13/1986,"1,208,069.0",1,0,3.65%,14.50%,6.33%,1,-11.81%,0,-1.96%,0,1,,,,
"Paychex, Inc.",11/05/1984,"25,646.1",1,1,0.86%,2.46%,0.06%,1,4.03%,1,-1.90%,0,2,,,,
Duke Realty Corporation, 2/06/1986,"11,839.3",1,2,3.97%,79.81%,3.29%,1,-14.42%,0,-1.82%,0,1,,,,
"General Mills, Inc.",11/05/1984,"32,345.6",1,1,-2.76%,8.29%,-2.33%,0,3.68%,1,-1.60%,0,1,,,,
3M Company,11/05/1984,"81,551.0",0,0,-2.68%,-7.62%,-1.89%,0,-8.30%,0,-1.15%,0,0,,,,
"Becton, Dickinson and Company",11/05/1984,"64,132.4",1,0,2.57%,0.86%,2.02%,1,-7.08%,0,-1.10%,0,1,,,,
Biogen Inc., 9/17/1991,"53,126.1",1,0,-5.50%,3.90%,20.44%,1,-7.74%,0,-1.03%,0,1,,,,
Dominion Energy Inc,11/05/1984,"65,607.1",1,0,1.52%,2.47%,1.82%,1,-9.01%,0,-0.84%,0,1,,,,
Cintas Corporation,11/05/1984,"25,271.7",1,1,2.11%,11.51%,1.39%,1,5.44%,1,-0.78%,0,2,,,,
Altria Group Inc, 7/02/1985,"74,464.8",1,0,-1.49%,0.11%,-4.90%,0,-11.57%,0,-0.74%,0,0,,,,
"Anthem, Inc.",10/30/2001,"68,214.9",1,0,-2.16%,-0.07%,8.46%,1,-12.89%,0,-0.64%,0,1,,,,
ViacomCBS Inc. Class B, 6/18/1990,"10,277.0",1,2,6.26%,-31.44%,-26.66%,0,-23.65%,0,0.00%,0,0,,,,
"Leidos Holdings, Inc.",10/13/2006,"12,780.1",1,2,12.28%,12.21%,-11.27%,0,-17.40%,0,0.00%,0,0,,,,
"Huntington Ingalls Industries, Inc.", 3/22/2011,"7,280.6",1,2,2.17%,-14.17%,-17.91%,0,-13.09%,0,0.00%,0,0,,,,
Duke Energy Corporation,11/05/1984,"62,869.4",1,0,1.21%,4.08%,-8.40%,0,-6.47%,0,0.00%,0,0,,,,
"Autodesk, Inc.", 6/28/1985,"34,771.8",1,1,-12.78%,3.36%,-17.21%,0,0.00%,0,0.00%,0,0,,,,
"H&R Block, Inc.",11/05/1984,"3,360.6",1,2,-11.99%,6.41%,-11.77%,0,0.00%,0,0.00%,0,0,,,,
"Consolidated Edison, Inc.",11/05/1984,"29,395.6",0,1,1.26%,8.73%,-2.53%,0,0.19%,1,0.00%,0,1,,,,
Booking Holdings Inc., 3/30/1999,"58,362.4",1,0,-12.10%,5.73%,-22.86%,0,11.01%,1,0.00%,0,1,,,,
Norwegian Cruise Line Holdings Ltd., 1/18/2013,"2,366.6",0,2,-4.99%,4.34%,-41.06%,0,-61.18%,0,0.00%,0,0,,,,
"Diamondback Energy, Inc.",10/12/2012,"4,303.7",1,2,2.03%,6.40%,-22.98%,0,-55.48%,0,0.00%,0,0,,,,
Devon Energy Corporation, 7/30/1985,"3,331.4",1,2,4.63%,1.71%,-28.43%,0,-46.49%,0,0.00%,0,0,,,,
Marathon Oil Corporation, 5/07/1991,"3,605.2",0,2,-1.19%,-34.60%,-25.47%,0,-45.29%,0,0.00%,0,0,,,,
Pioneer Natural Resources Company,12/22/1987,"11,712.7",0,2,3.88%,13.03%,-16.78%,0,-40.41%,0,0.00%,0,0,,,,
MGM Resorts International, 5/02/1988,"7,603.2",0,2,7.64%,-66.88%,-22.77%,0,-37.13%,0,0.00%,0,0,,,,
DISH Network Corporation Class A, 6/21/1995,"11,292.6",1,2,12.35%,19.32%,-17.89%,0,-36.26%,0,0.00%,0,0,,,,
Flowserve Corporation,11/05/1984,"3,366.8",0,2,-0.58%,0.99%,-12.66%,0,-35.96%,0,0.00%,0,0,,,,
"Ventas, Inc.", 9/19/1989,"12,427.4",1,2,1.49%,-88.73%,-17.00%,0,-35.64%,0,0.00%,0,0,,,,
Mosaic Company, 1/26/1988,"4,170.2",1,2,-8.57%,566.37%,-7.17%,0,-35.58%,0,0.00%,0,0,,,,
"American International Group, Inc.",11/05/1984,"24,892.5",0,1,7.81%,2.95%,-17.22%,0,-32.40%,0,0.00%,0,0,,,,
Concho Resources Inc., 8/03/2007,"9,219.6",1,2,1.35%,30.06%,-16.69%,0,-31.77%,0,0.00%,0,0,,,,
"Welltower, Inc.", 8/08/1985,"21,041.8",1,1,-0.77%,21.27%,-14.69%,0,-31.46%,0,0.00%,0,0,,,,
"Expedia Group, Inc.", 7/20/2005,"9,747.4",1,2,1.37%,4.32%,-21.23%,0,-28.02%,0,0.00%,0,0,,,,
Ingersoll Rand Inc., 5/12/2017,"9,558.3",0,2,4.30%,7.81%,-15.58%,0,-27.44%,0,0.00%,0,0,,,,
HollyFrontier Corporation,11/05/1984,"3,668.0",1,2,0.19%,-7.40%,-27.62%,0,-26.52%,0,0.00%,0,0,,,,
"CF Industries Holdings, Inc.", 8/11/2005,"5,983.6",1,2,3.33%,-8.83%,-6.30%,0,-24.91%,0,0.00%,0,0,,,,
Newmont Corporation,11/05/1984,"31,907.6",1,1,4.39%,7.25%,8.27%,1,-24.16%,0,0.00%,0,1,,,,
Macy's Inc, 2/05/1992,"2,481.3",0,2,-5.79%,8.04%,-29.11%,0,-22.42%,0,0.00%,0,0,,,,
Newell Brands Inc,11/05/1984,"5,488.6",1,2,-2.40%,12.22%,-18.16%,0,-21.22%,0,0.00%,0,0,,,,
Vornado Realty Trust,11/05/1984,"8,447.3",0,2,3.86%,-65.69%,-13.08%,0,-20.96%,0,0.00%,0,0,,,,
"Mohawk Industries, Inc.", 4/01/1992,"6,915.0",0,2,-1.86%,2.07%,-12.41%,0,-20.17%,0,0.00%,0,0,,,,
Southern Company,11/05/1984,"56,896.7",0,0,-1.34%,0.40%,-3.21%,0,-20.13%,0,0.00%,0,0,,,,
Entergy Corporation,11/05/1984,"20,557.9",1,1,1.96%,3.54%,-3.55%,0,-19.81%,0,0.00%,0,0,,,,
Albemarle Corporation, 2/22/1994,"7,223.1",1,2,-1.21%,-0.70%,-10.12%,0,-19.77%,0,0.00%,0,0,,,,
"ONEOK, Inc.",11/05/1984,"12,697.2",1,2,-0.38%,0.30%,-48.34%,0,-19.22%,0,0.00%,0,0,,,,
BorgWarner Inc., 8/13/1993,"5,296.5",1,2,-1.70%,13.79%,-9.92%,0,-18.80%,0,0.00%,0,0,,,,
"Agilent Technologies, Inc.",11/18/1999,"21,427.9",1,1,3.21%,-0.23%,-1.17%,0,-17.96%,0,0.00%,0,0,,,,
Pinnacle West Capital Corporation,11/05/1984,"9,171.6",1,2,2.97%,20.59%,-4.14%,0,-17.86%,0,0.00%,0,0,,,,
Garmin Ltd.,12/08/2000,"14,747.7",1,2,-1.02%,23.30%,-9.90%,0,-17.20%,0,0.00%,0,0,,,,
"CenturyLink, Inc.",11/05/1984,"11,026.2",1,2,9.62%,1.00%,-13.04%,0,-16.16%,0,0.00%,0,0,,,,
Westinghouse Air Brake Technologies Corporation, 6/16/1995,"10,534.5",1,2,4.32%,-2.20%,-18.59%,0,-15.64%,0,0.00%,0,0,,,,
Deere & Company,11/05/1984,"43,580.6",1,1,-1.50%,28.73%,-7.55%,0,-15.29%,0,0.00%,0,0,,,,
"Williams Companies, Inc.",11/05/1984,"19,169.6",1,2,0.33%,-3.69%,-15.83%,0,-14.82%,0,0.00%,0,0,,,,
Vulcan Materials Company,11/05/1984,"14,533.0",1,2,3.77%,-8.02%,-6.63%,0,-14.30%,0,0.00%,0,0,,,,
Laboratory Corporation of America Holdings, 7/07/1988,"14,694.3",0,2,4.18%,2.19%,-9.78%,0,-14.04%,0,0.00%,0,0,,,,
Verisk Analytics Inc,10/07/2009,"23,745.5",1,1,3.84%,0.58%,-0.33%,0,-13.93%,0,0.00%,0,0,,,,
PPL Corporation,11/05/1984,"21,053.5",0,1,-0.52%,7.20%,-10.07%,0,-13.80%,0,0.00%,0,0,,,,
"Host Hotels & Resorts, Inc.",11/05/1984,"8,054.1",1,2,-0.77%,-6.81%,-23.46%,0,-13.23%,0,0.00%,0,0,,,,
HP Inc.,11/05/1984,"24,624.9",1,1,1.70%,21.21%,-15.25%,0,-13.19%,0,0.00%,0,0,,,,
NVIDIA Corporation, 1/22/1999,"147,394.1",1,0,10.16%,13.49%,-4.61%,0,-12.87%,0,0.00%,0,0,,,,
Zebra Technologies Corporation Class A, 8/15/1991,"9,938.7",1,2,0.73%,-2.47%,-9.58%,0,-12.77%,0,0.00%,0,0,,,,
"Advance Auto Parts, Inc.",11/29/2001,"7,871.7",1,2,1.40%,21.73%,-8.10%,0,-12.77%,0,0.00%,0,0,,,,
"NetApp, Inc.",11/21/1995,"9,024.0",1,2,9.51%,-1.59%,-15.33%,0,-12.67%,0,0.00%,0,0,,,,
"American Electric Power Company, Inc.",11/05/1984,"42,788.2",0,1,0.61%,3.23%,-3.51%,0,-12.47%,0,0.00%,0,0,,,,
"Applied Materials, Inc.",11/05/1984,"46,732.5",0,1,9.28%,6.18%,-13.73%,0,-12.44%,0,0.00%,0,0,,,,
IPG Photonics Corporation,12/13/2006,"5,950.6",1,2,13.07%,-110.15%,-14.89%,0,-12.14%,0,0.00%,0,0,,,,
Extra Space Storage Inc., 8/12/2004,"13,090.2",1,2,5.31%,5.39%,2.15%,1,-12.03%,0,0.00%,0,1,,,,
LKQ Corporation,10/03/2003,"7,648.0",1,2,2.22%,3.39%,-17.02%,0,-11.80%,0,0.00%,0,0,,,,
"Copart, Inc.", 3/17/1994,"17,256.8",0,2,1.80%,-1.65%,-14.16%,0,-11.59%,0,0.00%,0,0,,,,
Alliant Energy Corp,11/05/1984,"12,472.1",1,2,1.72%,3.12%,-2.79%,0,-11.46%,0,0.00%,0,0,,,,
"Analog Devices, Inc.",11/05/1984,"36,744.7",0,1,7.79%,3.10%,-9.23%,0,-11.27%,0,0.00%,0,0,,,,
Genuine Parts Company,11/05/1984,"11,524.4",1,2,2.61%,3.71%,-10.17%,0,-11.18%,0,0.00%,0,0,,,,
"Arista Networks, Inc.", 6/06/2014,"13,518.4",1,2,2.54%,9.41%,-12.03%,0,-10.09%,0,0.00%,0,0,,,,
"Republic Services, Inc.", 7/01/1998,"27,114.0",0,1,3.43%,2.85%,-6.32%,0,-9.67%,0,0.00%,0,0,,,,
Public Service Enterprise Group Inc,11/05/1984,"22,296.3",0,1,-0.05%,3.00%,-12.27%,0,-9.46%,0,0.00%,0,0,,,,
Eversource Energy,11/05/1984,"29,210.7",1,1,4.08%,-0.87%,1.87%,1,-9.14%,0,0.00%,0,1,,,,
International Flavors & Fragrances Inc.,11/05/1984,"11,643.6",1,2,3.21%,0.82%,-12.40%,0,-8.98%,0,0.00%,0,0,,,,
"Synopsys, Inc.", 2/26/1992,"19,511.5",1,1,5.89%,10.11%,-8.02%,0,-8.95%,0,0.00%,0,0,,,,
"Home Depot, Inc.",11/05/1984,"224,351.2",1,0,1.01%,8.23%,-4.92%,0,-8.87%,0,0.00%,0,0,,,,
"American Water Works Company, Inc.", 4/23/2008,"23,217.3",1,1,2.01%,-0.39%,1.16%,1,-8.57%,0,0.00%,0,1,,,,
Linde plc, 6/17/1992,"94,067.5",1,0,4.31%,3.18%,-13.67%,0,-7.60%,0,0.00%,0,0,,,,
TJX Companies Inc,11/05/1984,"62,537.3",1,0,-3.13%,5.45%,-13.10%,0,-7.26%,0,0.00%,0,0,,,,
"Expeditors International of Washington, Inc.",11/05/1984,"11,060.1",1,2,0.48%,-7.57%,-5.66%,0,-7.22%,0,0.00%,0,0,,,,
Ecolab Inc.,11/05/1984,"51,890.1",0,0,5.71%,-2.53%,-6.63%,0,-7.14%,0,0.00%,0,0,,,,
"Fidelity National Information Services, Inc.", 6/20/2001,"80,060.2",1,0,-0.09%,2.36%,-9.46%,0,-7.03%,0,0.00%,0,0,,,,
Teleflex Incorporated,11/05/1984,"14,763.2",0,2,3.10%,2.00%,-11.42%,0,-6.48%,0,0.00%,0,0,,,,
Allegion PLC,11/18/2013,"10,353.7",0,2,7.41%,-0.37%,-11.18%,0,-6.31%,0,0.00%,0,0,,,,
Ameren Corporation,11/05/1984,"18,750.6",1,2,-0.50%,22.03%,-5.09%,0,-5.84%,0,0.00%,0,0,,,,
"Zoetis, Inc. Class A", 2/01/2013,"59,594.7",0,0,3.23%,4.65%,-8.08%,0,-5.82%,0,0.00%,0,0,,,,
"Cadence Design Systems, Inc.", 6/15/1987,"17,502.1",0,2,5.41%,1.46%,-16.54%,0,-5.55%,0,0.00%,0,0,,,,
"Waste Management, Inc.", 6/22/1988,"44,730.4",0,1,3.41%,3.14%,-10.80%,0,-4.95%,0,0.00%,0,0,,,,
"Iron Mountain, Inc.", 7/01/1997,"8,328.8",1,2,0.28%,-2.00%,-8.84%,0,-4.67%,0,0.00%,0,0,,,,
"salesforce.com, inc.", 6/23/2004,"132,263.1",0,0,-4.15%,18.50%,-13.59%,0,-4.39%,0,0.00%,0,0,,,,
"Henry Schein, Inc.",11/03/1995,"8,131.7",1,2,5.68%,6.41%,-14.03%,0,-4.29%,0,0.00%,0,0,,,,
Public Storage,11/05/1984,"36,933.6",0,1,-2.45%,-6.89%,-3.41%,0,-4.13%,0,0.00%,0,0,,,,
Regency Centers Corporation,10/29/1993,"9,285.6",1,2,-1.05%,-39.02%,-8.58%,0,-3.81%,0,0.00%,0,0,,,,
"PepsiCo, Inc.",11/05/1984,"177,097.5",1,0,3.07%,0.98%,-9.86%,0,-3.47%,0,0.00%,0,0,,,,
Kraft Heinz Company, 9/17/2012,"29,277.0",1,1,1.42%,5.81%,-10.80%,0,-3.23%,0,0.00%,0,0,,,,
Hormel Foods Corporation,11/05/1984,"22,801.7",1,1,1.87%,-1.06%,-3.80%,0,-3.20%,0,0.00%,0,0,,,,
Intuit Inc., 3/12/1993,"68,052.8",0,0,-2.81%,13.31%,-5.32%,0,-3.12%,0,0.00%,0,0,,,,
Keysight Technologies Inc,10/20/2014,"17,246.0",0,2,-3.82%,17.17%,1.25%,1,-2.95%,0,0.00%,0,1,,,,
"Lowe's Companies, Inc.",11/05/1984,"73,957.2",1,0,-2.22%,2.88%,-12.49%,0,-2.68%,0,0.00%,0,0,,,,
J.M. Smucker Company,11/05/1984,"11,751.6",1,2,-1.95%,5.58%,-3.29%,0,-2.41%,0,0.00%,0,0,,,,
Incyte Corporation,11/04/1993,"16,006.7",0,2,1.12%,43.37%,-3.38%,0,-2.08%,0,0.00%,0,0,,,,
American Tower Corporation, 2/25/1998,"105,851.5",1,0,2.66%,22.93%,-0.92%,0,-2.00%,0,0.00%,0,0,,,,
SBA Communications Corp. Class A, 6/16/1999,"31,551.7",1,1,14.75%,49.51%,-3.41%,0,-1.29%,0,0.00%,0,0,,,,
Equifax Inc.,11/05/1984,"17,059.1",1,2,0.06%,2.45%,-12.46%,0,-0.94%,0,0.00%,0,0,,,,
Occidental Petroleum Corporation,11/05/1984,"12,765.9",1,2,-25.14%,72.32%,-56.44%,0,0.00%,0,0.00%,0,0,,,,
"EOG Resources, Inc.",10/04/1989,"20,255.5",1,1,-20.40%,15.94%,-44.99%,0,0.00%,0,0.00%,0,0,,,,
"Nordstrom, Inc.",11/05/1984,"3,359.4",0,2,-16.30%,-3.69%,-34.34%,0,0.00%,0,0.00%,0,0,,,,
Kohl's Corporation, 5/19/1992,"3,881.3",1,2,-13.56%,5.91%,-33.77%,0,0.00%,0,0.00%,0,0,,,,
"Live Nation Entertainment, Inc.",12/14/2005,"9,192.7",0,2,-22.06%,17.91%,-29.49%,0,0.00%,0,0.00%,0,0,,,,
AES Corporation, 6/26/1991,"8,642.0",1,2,-12.74%,6.46%,-22.30%,0,0.00%,0,0.00%,0,0,,,,
Edison International,11/05/1984,"19,306.9",1,2,-9.35%,-3.91%,-20.75%,0,0.00%,0,0.00%,0,0,,,,
Hewlett Packard Enterprise Co.,10/19/2015,"12,703.1",1,2,-12.45%,0.30%,-19.58%,0,0.00%,0,0.00%,0,0,,,,
"DENTSPLY SIRONA, Inc.", 8/18/1987,"8,959.4",0,2,-15.26%,-2.32%,-18.51%,0,0.00%,0,0.00%,0,0,,,,
Brown-Forman Corporation Class B,11/05/1984,"24,410.7",0,1,-9.87%,-3.70%,-17.67%,0,0.00%,0,0.00%,0,0,,,,
"Ross Stores, Inc.", 8/08/1985,"33,315.0",0,1,-10.83%,1.96%,-15.27%,0,0.00%,0,0.00%,0,0,,,,
"Evergy, Inc.",11/05/1984,"13,393.3",0,2,-8.67%,3.06%,-14.84%,0,0.00%,0,0.00%,0,0,,,,
Mylan N.V.,11/05/1984,"7,768.5",1,2,-15.70%,8.87%,-12.45%,0,0.00%,0,0.00%,0,0,,,,
Kroger Co.,11/05/1984,"24,199.5",1,1,4.81%,2.57%,-8.25%,0,0.00%,0,0.00%,0,0,,,,
Campbell Soup Company,11/05/1984,"14,870.0",1,2,-0.66%,6.95%,-6.53%,0,0.00%,0,0.00%,0,0,,,,
"Dollar Tree, Inc.", 3/07/1995,"17,678.7",1,2,-10.17%,1.92%,-5.34%,0,0.00%,0,0.00%,0,0,,,,
Target Corporation,11/05/1984,"50,607.2",1,0,-6.49%,2.25%,-4.55%,0,0.00%,0,0.00%,0,0,,,,
Costco Wholesale Corporation,11/27/1985,"133,476.4",1,0,-2.57%,1.76%,-2.91%,0,0.00%,0,0.00%,0,0,,,,
"AutoZone, Inc.", 4/02/1991,"23,787.0",0,1,-0.60%,5.43%,-1.17%,0,0.00%,0,0.00%,0,0,,,,
Monster Beverage Corporation,12/06/1985,"33,496.9",0,1,-7.96%,5.13%,-0.03%,0,0.00%,0,0.00%,0,0,,,,
Adobe Inc., 8/13/1986,"162,136.4",1,0,-15.56%,1.89%,0.00%,0,0.00%,0,0.00%,0,0,,,,
Broadcom Inc., 8/06/2009,"93,561.2",1,0,-20.14%,-1.61%,0.00%,0,0.00%,0,0.00%,0,0,,,,
"Gap, Inc.",11/05/1984,"4,035.4",1,2,-29.03%,41.92%,0.00%,0,0.00%,0,0.00%,0,0,,,,
Oracle Corporation, 3/13/1986,"153,742.6",0,0,-21.62%,1.28%,0.00%,0,0.00%,0,0.00%,0,0,,,,
Ulta Beauty Inc,10/25/2007,"11,835.8",1,2,-25.19%,4.31%,0.00%,0,0.00%,0,0.00%,0,0,,,,
Dollar General Corporation,11/13/2009,"37,123.2",1,1,-3.10%,4.41%,2.70%,1,0.00%,0,0.00%,0,1,,,,
Walmart Inc.,11/05/1984,"323,721.7",1,0,2.97%,-3.87%,-5.62%,0,1.05%,1,0.00%,0,1,,,,
Berkshire Hathaway Inc. Class B, 5/09/1996,"474,509.4",1,0,-0.12%,-24.39%,-12.88%,0,1.69%,1,0.00%,0,1,,,,
"L Brands, Inc.",11/05/1984,"4,456.8",1,2,-7.36%,1.25%,-31.28%,0,1.77%,1,0.00%,0,1,,,,
"Marriott International, Inc. Class A",10/01/1993,"30,998.2",0,1,-18.34%,7.11%,-21.67%,0,2.03%,1,0.00%,0,1,,,,
Sempra Energy,11/05/1984,"31,250.2",1,1,-7.37%,4.69%,-26.27%,0,2.54%,1,0.00%,0,1,,,,
"Discovery, Inc. Class A", 7/06/2005,"11,369.9",0,2,-12.37%,6.03%,-9.69%,0,2.74%,1,0.00%,0,1,,,,
"FLIR Systems, Inc.", 6/22/1993,"4,313.3",1,2,-4.13%,-11.92%,-30.13%,0,3.35%,1,0.00%,0,1,,,,
Apache Corporation,11/05/1984,"3,044.9",1,2,-13.28%,-219.79%,-69.05%,0,3.99%,1,0.00%,0,1,,,,
"CBRE Group, Inc. Class A", 6/10/2004,"15,527.6",0,2,-9.75%,-2.28%,-21.24%,0,4.15%,1,0.00%,0,1,,,,
"CenterPoint Energy, Inc.",11/05/1984,"7,809.9",1,2,-10.91%,20.12%,-38.45%,0,4.57%,1,0.00%,0,1,,,,
NiSource Inc,11/05/1984,"9,625.4",1,2,-7.28%,5.68%,-12.01%,0,4.83%,1,0.00%,0,1,,,,
"Universal Health Services, Inc. Class B",11/05/1984,"9,115.0",1,2,-4.57%,8.69%,-22.18%,0,5.30%,1,0.00%,0,1,,,,
TechnipFMC Plc, 1/17/2017,"3,192.0",0,2,-12.47%,-92.87%,-56.60%,0,7.53%,1,0.00%,0,1,,,,
"Equinix, Inc.", 8/11/2000,"53,068.4",0,0,3.39%,-7.69%,-9.90%,0,8.43%,1,0.00%,0,1,,,,
"NRG Energy, Inc.",12/02/2003,"7,144.9",0,2,-9.76%,114.42%,-22.90%,0,8.46%,1,0.00%,0,1,,,,
Crown Castle International Corp, 8/18/1998,"64,633.1",0,0,1.03%,-10.52%,-3.97%,0,8.83%,1,0.00%,0,1,,,,
"Quanta Services, Inc.", 2/12/1998,"4,624.4",1,2,-7.72%,12.66%,-24.89%,0,9.59%,1,0.00%,0,1,,,,
"Digital Realty Trust, Inc.",10/29/2004,"29,963.7",1,1,0.63%,519.71%,-0.77%,0,9.85%,1,0.00%,0,1,,,,
"Best Buy Co., Inc.", 4/18/1985,"15,801.0",1,2,-8.58%,5.51%,-29.26%,0,10.22%,1,0.00%,0,1,,,,
Nielsen Holdings Plc, 1/26/2011,"5,363.4",0,2,-5.32%,-1.45%,-26.59%,0,10.34%,1,0.00%,0,1,,,,
Cabot Oil & Gas Corporation, 2/08/1990,"7,321.8",1,2,3.23%,1.94%,9.94%,1,12.22%,1,0.00%,0,2,,,,
Perrigo Co. Plc,12/17/1991,"6,301.3",1,2,1.05%,-1.14%,-21.54%,0,13.85%,1,0.00%,0,1,,,,
"ANSYS, Inc.", 6/20/1996,"20,225.9",1,1,-6.28%,12.81%,-16.26%,0,15.14%,1,0.00%,0,1,,,,
Medtronic Plc,11/05/1984,"119,033.5",1,0,1.64%,4.10%,-10.88%,0,-11.53%,0,0.00%,0,0,,,,
Realty Income Corporation,10/18/1994,"24,744.2",1,1,1.72%,10.78%,-5.23%,0,-7.36%,0,0.00%,0,0,,,,
"Cisco Systems, Inc.", 2/16/1990,"159,626.7",1,0,6.12%,1.51%,-15.62%,0,-5.74%,0,0.00%,0,0,,,,
"Cooper Companies, Inc.",11/05/1984,"15,521.3",1,2,-8.33%,-0.95%,-12.81%,0,0.00%,0,0.00%,0,0,,,,
Verizon Communications Inc.,11/05/1984,"224,039.7",1,0,0.83%,-1.29%,-1.20%,0,-7.66%,0,0.02%,1,1,,,,
"AbbVie, Inc.",12/10/2012,"126,275.6",1,0,2.24%,0.80%,0.92%,1,-8.45%,0,0.12%,1,2,,,,
Mettler-Toledo International Inc.,11/14/1997,"16,178.9",1,2,-6.33%,1.29%,-7.69%,0,-7.82%,0,0.43%,1,1,,,,
Tiffany & Co., 5/05/1987,"15,497.6",1,2,8.28%,-23.90%,-0.07%,0,0.15%,1,0.48%,1,2,,,,
"CarMax, Inc.", 2/04/1997,"11,304.6",1,2,2.82%,-10.02%,-5.91%,0,11.60%,1,0.64%,1,2,,,,
Masco Corporation,11/05/1984,"11,051.1",1,2,3.52%,-4.29%,-6.73%,0,-10.83%,0,0.66%,1,1,,,,
Kellogg Company,11/05/1984,"21,803.5",1,1,-1.28%,6.36%,3.25%,1,-3.56%,0,0.74%,1,2,,,,
"Darden Restaurants, Inc.", 5/09/1995,"7,937.0",1,2,-1.39%,4.85%,3.75%,1,1.26%,1,0.88%,1,3,,,,
A. O. Smith Corporation,11/05/1984,"6,721.6",1,2,-8.00%,-5.81%,-3.25%,0,-10.02%,0,0.93%,1,1,,,,
Xerox Holdings Corporation,11/05/1984,"5,098.4",1,2,-1.13%,24.01%,-3.06%,0,-0.40%,0,0.97%,1,1,,,,
Omnicom Group Inc,11/05/1984,"13,643.2",1,2,0.17%,2.23%,-6.30%,0,-14.07%,0,1.11%,1,1,,,,
Baxter International Inc.,11/05/1984,"41,349.9",0,1,1.21%,3.60%,-1.37%,0,5.45%,1,1.12%,1,2,,,,
DaVita Inc.,10/31/1995,"9,539.3",0,2,0.88%,11.79%,-8.43%,0,-7.61%,0,1.44%,1,1,,,,
NortonLifeLock Inc., 6/23/1989,"10,476.7",1,2,-37.99%,219.53%,0.96%,1,-13.70%,0,1.51%,1,2,,,,
"Citrix Systems, Inc.",12/08/1995,"13,908.5",1,2,6.07%,1.47%,-4.86%,0,-5.03%,0,1.58%,1,1,,,,
Accenture Plc Class A, 7/19/2001,"105,741.1",1,0,3.10%,4.74%,0.06%,1,0.35%,1,1.62%,1,3,,,,
Centene Corporation,12/13/2001,"37,300.9",1,1,-2.57%,-0.08%,8.71%,1,-7.29%,0,1.78%,1,2,,,,
Amcor PLC, 4/04/2019,"10,939.6",1,2,0.73%,-22.09%,-9.65%,0,-29.18%,0,1.79%,1,1,,,,
PayPal Holdings Inc, 7/06/2015,"129,201.0",1,0,1.76%,3.08%,2.89%,1,-10.39%,0,2.00%,1,2,,,,
"Take-Two Interactive Software, Inc.", 4/15/1997,"13,227.5",1,2,-1.03%,-4.60%,0.37%,1,0.76%,1,2.41%,1,3,,,,
"Activision Blizzard, Inc.",11/05/1984,"45,414.9",1,1,0.22%,3.43%,1.27%,1,-7.96%,0,2.95%,1,2,,,,
Thermo Fisher Scientific Inc.,11/05/1984,"119,696.3",1,0,0.33%,0.33%,4.92%,1,-13.35%,0,3.20%,1,2,,,,
News Corporation Class A, 6/19/2013,"6,187.1",1,2,0.87%,25.61%,-4.09%,0,-25.50%,0,3.25%,1,1,,,,
CMS Energy Corporation, 5/27/1987,"17,711.4",1,2,5.35%,-0.93%,-0.22%,0,-11.04%,0,3.26%,1,1,,,,
"VeriSign, Inc.", 1/30/1998,"21,260.3",0,1,0.89%,-1.58%,-2.27%,0,-11.78%,0,3.29%,1,1,,,,
Kimberly-Clark Corporation,11/05/1984,"45,817.1",1,1,6.19%,0.63%,-0.08%,0,-2.20%,0,3.62%,1,1,,,,
Lennar Corporation Class A,11/05/1984,"13,901.4",1,2,0.88%,12.07%,16.81%,1,1.31%,1,3.67%,1,3,,,,
"Constellation Brands, Inc. Class A", 7/01/1986,"25,596.6",1,1,-2.81%,17.39%,1.93%,1,3.01%,1,3.80%,1,3,,,,
"United Parcel Service, Inc. Class B",11/10/1999,"80,895.3",1,0,-1.29%,0.15%,-2.56%,0,-14.02%,0,4.13%,1,1,,,,
"Lamb Weston Holdings, Inc.",11/01/2016,"9,328.0",1,2,0.00%,12.87%,-3.27%,0,1.38%,1,4.49%,1,2,,,,
IQVIA Holdings Inc, 5/09/2013,"22,889.3",1,1,1.91%,1.16%,-14.07%,0,-20.83%,0,5.04%,1,1,,,,
CME Group Inc. Class A,12/06/2002,"65,233.3",1,0,-0.73%,-0.99%,1.32%,1,-18.10%,0,5.63%,1,2,,,,
"FleetCor Technologies, Inc.",12/15/2010,"20,115.1",1,1,3.84%,1.11%,-2.72%,0,-25.41%,0,5.78%,1,1,,,,
AmerisourceBergen Corporation, 4/04/1995,"18,530.3",1,2,1.16%,5.35%,6.35%,1,-10.79%,0,6.74%,1,2,,,,
Western Union Company, 9/20/2006,"9,142.4",0,2,2.73%,-10.73%,-13.09%,0,-8.94%,0,7.01%,1,1,,,,
"T-Mobile US, Inc.", 4/19/2007,"73,173.5",1,0,0.72%,3.71%,12.79%,1,-17.25%,0,7.07%,1,2,,,,
"Akamai Technologies, Inc.",10/29/1999,"13,878.1",0,2,1.62%,8.85%,-8.35%,0,-10.37%,0,7.10%,1,1,,,,
Xcel Energy Inc.,11/05/1984,"35,068.9",1,1,6.22%,4.61%,1.54%,1,-10.74%,0,7.25%,1,2,,,,
WEC Energy Group Inc,11/05/1984,"31,360.6",1,1,5.05%,7.31%,0.60%,1,-8.77%,0,7.68%,1,2,,,,
"Assurant, Inc.", 2/05/2004,"6,253.4",0,2,7.82%,-5.87%,-7.17%,0,-23.86%,0,8.20%,1,1,,,,
"UDR, Inc.",11/05/1984,"21,373.6",0,1,2.61%,1003.94%,-4.63%,0,-12.21%,0,8.21%,1,1,,,,
CVS Health Corporation,11/05/1984,"77,780.1",0,0,2.83%,2.84%,-19.55%,0,-7.97%,0,9.23%,1,1,,,,
Global Payments Inc., 1/12/2001,"51,832.5",1,0,2.60%,1.54%,-8.88%,0,-14.50%,0,10.11%,1,1,,,,
Moody's Corporation,11/05/1984,"39,888.4",1,1,4.15%,3.66%,-10.73%,0,-20.79%,0,10.20%,1,1,,,,
Eli Lilly and Company,11/05/1984,"133,291.0",1,0,-0.52%,13.69%,-0.61%,0,-11.05%,0,10.50%,1,1,,,,
Molson Coors Beverage Company Class B,11/05/1984,"9,210.7",1,2,3.49%,30.08%,-9.89%,0,-23.22%,0,10.83%,1,1,,,,
"Interpublic Group of Companies, Inc.",11/05/1984,"6,635.7",1,2,0.09%,6.47%,-12.73%,0,-30.00%,0,12.12%,1,1,,,,
"Noble Energy, Inc.",11/05/1984,"3,487.4",1,2,-5.06%,-35.82%,-22.42%,0,-58.53%,0,14.67%,1,1,,,,
"Healthpeak Properties, Inc.", 5/23/1985,"14,586.2",1,2,-0.33%,30.37%,-10.83%,0,-23.34%,0,14.89%,1,1,,,,